customer_id,segment,favorite_category,favorite_product,recommended_product,recommended_category,recommendation_basis,recommendation_reason,cross_sell_product_from_rule,cross_sell_category_from_rule,cross_sell_reason,associated_category_options,nudge_type,action_recommendation,priority_score,message_template
9,Champions,Alat Tulis,Gunting Fiskars,Penggaris 30cm,Alat Tulis,Favorite category recommendation,Produk dipilih dari kategori favorit pelanggan (Alat Tulis) agar rekomendasi tetap relevan dengan minat utama pelanggan.,Tempe 1 papan,Makanan,Berdasarkan asosiasi produk dari Gunting Fiskars,"Makanan, Rokok",VIP loyalty,"Berikan voucher eksklusif, akses promo awal, atau gratis ongkir minimum pembelian tertentu.",381,Customer 9: tawarkan Penggaris 30cm (Alat Tulis) dengan pendekatan VIP loyalty. Alasan: Produk dipilih dari kategori favorit pelanggan (Alat Tulis) agar rekomendasi tetap relevan dengan minat utama pelanggan.
11,Champions,Alat Tulis,Gunting Fiskars,Penggaris 30cm,Alat Tulis,Favorite category recommendation,Produk dipilih dari kategori favorit pelanggan (Alat Tulis) agar rekomendasi tetap relevan dengan minat utama pelanggan.,Tempe 1 papan,Makanan,Berdasarkan asosiasi produk dari Gunting Fiskars,"Makanan, Rokok",VIP loyalty,"Berikan voucher eksklusif, akses promo awal, atau gratis ongkir minimum pembelian tertentu.",381,Customer 11: tawarkan Penggaris 30cm (Alat Tulis) dengan pendekatan VIP loyalty. Alasan: Produk dipilih dari kategori favorit pelanggan (Alat Tulis) agar rekomendasi tetap relevan dengan minat utama pelanggan.
2,Champions,Alat Tulis,Buku Tulis Sidu,Gunting Fiskars,Alat Tulis,Favorite category recommendation,Produk dipilih dari kategori favorit pelanggan (Alat Tulis) agar rekomendasi tetap relevan dengan minat utama pelanggan.,Penggaris 30cm,Alat Tulis,Berdasarkan asosiasi produk dari Starmild Blue,"Makanan, Rokok",VIP loyalty,"Berikan voucher eksklusif, akses promo awal, atau gratis ongkir minimum pembelian tertentu.",351,Customer 2: tawarkan Gunting Fiskars (Alat Tulis) dengan pendekatan VIP loyalty. Alasan: Produk dipilih dari kategori favorit pelanggan (Alat Tulis) agar rekomendasi tetap relevan dengan minat utama pelanggan.
7,Champions,Makanan,Udang Windu/kg,Margarin Palmia,Makanan,Favorite category recommendation,Produk dipilih dari kategori favorit pelanggan (Makanan) agar rekomendasi tetap relevan dengan minat utama pelanggan.,Mentega Blue Band,Makanan,Berdasarkan asosiasi produk dari Udang Windu/kg,"Alat Tulis, Minuman",VIP loyalty,"Berikan voucher eksklusif, akses promo awal, atau gratis ongkir minimum pembelian tertentu.",351,Customer 7: tawarkan Margarin Palmia (Makanan) dengan pendekatan VIP loyalty. Alasan: Produk dipilih dari kategori favorit pelanggan (Makanan) agar rekomendasi tetap relevan dengan minat utama pelanggan.
16,Champions,Makanan,Beras Rojolele 5kg,Udang Windu/kg,Makanan,Favorite category recommendation,Produk dipilih dari kategori favorit pelanggan (Makanan) agar rekomendasi tetap relevan dengan minat utama pelanggan.,Buku Gambar Karton,Alat Tulis,Berdasarkan asosiasi produk dari Beras Rojolele 5kg,"Alat Tulis, Minuman",VIP loyalty,"Berikan voucher eksklusif, akses promo awal, atau gratis ongkir minimum pembelian tertentu.",351,Customer 16: tawarkan Udang Windu/kg (Makanan) dengan pendekatan VIP loyalty. Alasan: Produk dipilih dari kategori favorit pelanggan (Makanan) agar rekomendasi tetap relevan dengan minat utama pelanggan.
96,Champions,Alat Tulis,Sticky Notes 3M,Gunting Fiskars,Alat Tulis,Favorite category recommendation,Produk dipilih dari kategori favorit pelanggan (Alat Tulis) agar rekomendasi tetap relevan dengan minat utama pelanggan.,Ayam Broiler/kg,Makanan,Berdasarkan asosiasi produk dari Sticky Notes 3M,"Makanan, Rokok",VIP loyalty,"Berikan voucher eksklusif, akses promo awal, atau gratis ongkir minimum pembelian tertentu.",349,Customer 96: tawarkan Gunting Fiskars (Alat Tulis) dengan pendekatan VIP loyalty. Alasan: Produk dipilih dari kategori favorit pelanggan (Alat Tulis) agar rekomendasi tetap relevan dengan minat utama pelanggan.
99,Champions,Minuman,Sari Lemon,Sprite 240ml,Minuman,Favorite category recommendation,Produk dipilih dari kategori favorit pelanggan (Minuman) agar rekomendasi tetap relevan dengan minat utama pelanggan.,Micellar Water Somethinc,Perawatan Tubuh,Berdasarkan asosiasi produk dari Sari Lemon,Makanan,VIP loyalty,"Berikan voucher eksklusif, akses promo awal, atau gratis ongkir minimum pembelian tertentu.",349,Customer 99: tawarkan Sprite 240ml (Minuman) dengan pendekatan VIP loyalty. Alasan: Produk dipilih dari kategori favorit pelanggan (Minuman) agar rekomendasi tetap relevan dengan minat utama pelanggan.
101,Champions,Makanan,Udang Windu/kg,Margarin Palmia,Makanan,Favorite category recommendation,Produk dipilih dari kategori favorit pelanggan (Makanan) agar rekomendasi tetap relevan dengan minat utama pelanggan.,Sari Roti Coklat,Makanan,Berdasarkan asosiasi produk dari Udang Windu/kg,"Alat Tulis, Minuman",VIP loyalty,"Berikan voucher eksklusif, akses promo awal, atau gratis ongkir minimum pembelian tertentu.",349,Customer 101: tawarkan Margarin Palmia (Makanan) dengan pendekatan VIP loyalty. Alasan: Produk dipilih dari kategori favorit pelanggan (Makanan) agar rekomendasi tetap relevan dengan minat utama pelanggan.
69,Champions,Makanan,Udang Windu/kg,Margarin Palmia,Makanan,Favorite category recommendation,Produk dipilih dari kategori favorit pelanggan (Makanan) agar rekomendasi tetap relevan dengan minat utama pelanggan.,Sari Roti Coklat,Makanan,Berdasarkan asosiasi produk dari Udang Windu/kg,"Alat Tulis, Minuman",VIP loyalty,"Berikan voucher eksklusif, akses promo awal, atau gratis ongkir minimum pembelian tertentu.",334,Customer 69: tawarkan Margarin Palmia (Makanan) dengan pendekatan VIP loyalty. Alasan: Produk dipilih dari kategori favorit pelanggan (Makanan) agar rekomendasi tetap relevan dengan minat utama pelanggan.
73,Champions,Alat Tulis,Penggaris 30cm,Gunting Fiskars,Alat Tulis,Favorite category recommendation,Produk dipilih dari kategori favorit pelanggan (Alat Tulis) agar rekomendasi tetap relevan dengan minat utama pelanggan.,Sampoerna Kretek,Rokok,Berdasarkan asosiasi produk dari Penggaris 30cm,"Makanan, Rokok",VIP loyalty,"Berikan voucher eksklusif, akses promo awal, atau gratis ongkir minimum pembelian tertentu.",334,Customer 73: tawarkan Gunting Fiskars (Alat Tulis) dengan pendekatan VIP loyalty. Alasan: Produk dipilih dari kategori favorit pelanggan (Alat Tulis) agar rekomendasi tetap relevan dengan minat utama pelanggan.
76,Champions,Alat Tulis,Map Plastik Kiky,Gunting Fiskars,Alat Tulis,Favorite category recommendation,Produk dipilih dari kategori favorit pelanggan (Alat Tulis) agar rekomendasi tetap relevan dengan minat utama pelanggan.,Sari Roti Coklat,Makanan,Berdasarkan asosiasi produk dari Map Plastik Kiky,"Makanan, Rokok",VIP loyalty,"Berikan voucher eksklusif, akses promo awal, atau gratis ongkir minimum pembelian tertentu.",334,Customer 76: tawarkan Gunting Fiskars (Alat Tulis) dengan pendekatan VIP loyalty. Alasan: Produk dipilih dari kategori favorit pelanggan (Alat Tulis) agar rekomendasi tetap relevan dengan minat utama pelanggan.
81,Champions,Alat Tulis,Map Plastik Kiky,Gunting Fiskars,Alat Tulis,Favorite category recommendation,Produk dipilih dari kategori favorit pelanggan (Alat Tulis) agar rekomendasi tetap relevan dengan minat utama pelanggan.,Sari Roti Coklat,Makanan,Berdasarkan asosiasi produk dari Map Plastik Kiky,"Makanan, Rokok",VIP loyalty,"Berikan voucher eksklusif, akses promo awal, atau gratis ongkir minimum pembelian tertentu.",334,Customer 81: tawarkan Gunting Fiskars (Alat Tulis) dengan pendekatan VIP loyalty. Alasan: Produk dipilih dari kategori favorit pelanggan (Alat Tulis) agar rekomendasi tetap relevan dengan minat utama pelanggan.
84,Champions,Makanan,Beras Rojolele 5kg,Udang Windu/kg,Makanan,Favorite category recommendation,Produk dipilih dari kategori favorit pelanggan (Makanan) agar rekomendasi tetap relevan dengan minat utama pelanggan.,Shampoo Clear,Perawatan Tubuh,Berdasarkan asosiasi produk dari Beras Rojolele 5kg,"Alat Tulis, Minuman",VIP loyalty,"Berikan voucher eksklusif, akses promo awal, atau gratis ongkir minimum pembelian tertentu.",334,Customer 84: tawarkan Udang Windu/kg (Makanan) dengan pendekatan VIP loyalty. Alasan: Produk dipilih dari kategori favorit pelanggan (Makanan) agar rekomendasi tetap relevan dengan minat utama pelanggan.
89,Champions,Alat Tulis,Buku Gambar Karton,Gunting Fiskars,Alat Tulis,Favorite category recommendation,Produk dipilih dari kategori favorit pelanggan (Alat Tulis) agar rekomendasi tetap relevan dengan minat utama pelanggan.,Kecap Bango,Makanan,Berdasarkan asosiasi produk dari Buku Gambar Karton,"Makanan, Rokok",VIP loyalty,"Berikan voucher eksklusif, akses promo awal, atau gratis ongkir minimum pembelian tertentu.",334,Customer 89: tawarkan Gunting Fiskars (Alat Tulis) dengan pendekatan VIP loyalty. Alasan: Produk dipilih dari kategori favorit pelanggan (Alat Tulis) agar rekomendasi tetap relevan dengan minat utama pelanggan.
3,Loyal Customers,Alat Tulis,Map Plastik Kiky,Gunting Fiskars,Alat Tulis,Favorite category recommendation,Produk dipilih dari kategori favorit pelanggan (Alat Tulis) agar rekomendasi tetap relevan dengan minat utama pelanggan.,Sari Roti Coklat,Makanan,Berdasarkan asosiasi produk dari Map Plastik Kiky,"Makanan, Rokok",Reward pembelian ulang,"Tawarkan poin loyalitas, rekomendasi repeat order, dan bundling kategori favorit.",321,Customer 3: tawarkan Gunting Fiskars (Alat Tulis) dengan pendekatan Reward pembelian ulang. Alasan: Produk dipilih dari kategori favorit pelanggan (Alat Tulis) agar rekomendasi tetap relevan dengan minat utama pelanggan.
98,Loyal Customers,Perawatan Tubuh,Masker Wardah,Shampoo Clear,Perawatan Tubuh,Favorite category recommendation,Produk dipilih dari kategori favorit pelanggan (Perawatan Tubuh) agar rekomendasi tetap relevan dengan minat utama pelanggan.,U Mild,Rokok,Berdasarkan asosiasi produk dari Masker Wardah,Bayi,Reward pembelian ulang,"Tawarkan poin loyalitas, rekomendasi repeat order, dan bundling kategori favorit.",319,Customer 98: tawarkan Shampoo Clear (Perawatan Tubuh) dengan pendekatan Reward pembelian ulang. Alasan: Produk dipilih dari kategori favorit pelanggan (Perawatan Tubuh) agar rekomendasi tetap relevan dengan minat utama pelanggan.
103,Loyal Customers,Alat Tulis,Map Plastik Kiky,Gunting Fiskars,Alat Tulis,Favorite category recommendation,Produk dipilih dari kategori favorit pelanggan (Alat Tulis) agar rekomendasi tetap relevan dengan minat utama pelanggan.,Sari Roti Coklat,Makanan,Berdasarkan asosiasi produk dari Map Plastik Kiky,"Makanan, Rokok",Reward pembelian ulang,"Tawarkan poin loyalitas, rekomendasi repeat order, dan bundling kategori favorit.",319,Customer 103: tawarkan Gunting Fiskars (Alat Tulis) dengan pendekatan Reward pembelian ulang. Alasan: Produk dipilih dari kategori favorit pelanggan (Alat Tulis) agar rekomendasi tetap relevan dengan minat utama pelanggan.
104,Loyal Customers,Alat Tulis,Buku Tulis Sidu,Map Plastik Kiky,Alat Tulis,Favorite category recommendation,Produk dipilih dari kategori favorit pelanggan (Alat Tulis) agar rekomendasi tetap relevan dengan minat utama pelanggan.,Masker Wardah,Perawatan Tubuh,Berdasarkan asosiasi produk dari U Mild,"Makanan, Rokok",Reward pembelian ulang,"Tawarkan poin loyalitas, rekomendasi repeat order, dan bundling kategori favorit.",319,Customer 104: tawarkan Map Plastik Kiky (Alat Tulis) dengan pendekatan Reward pembelian ulang. Alasan: Produk dipilih dari kategori favorit pelanggan (Alat Tulis) agar rekomendasi tetap relevan dengan minat utama pelanggan.
74,Champions,Makanan,Udang Windu/kg,Margarin Palmia,Makanan,Favorite category recommendation,Produk dipilih dari kategori favorit pelanggan (Makanan) agar rekomendasi tetap relevan dengan minat utama pelanggan.,Sari Roti Coklat,Makanan,Berdasarkan asosiasi produk dari Udang Windu/kg,"Alat Tulis, Minuman",VIP loyalty,"Berikan voucher eksklusif, akses promo awal, atau gratis ongkir minimum pembelian tertentu.",304,Customer 74: tawarkan Margarin Palmia (Makanan) dengan pendekatan VIP loyalty. Alasan: Produk dipilih dari kategori favorit pelanggan (Makanan) agar rekomendasi tetap relevan dengan minat utama pelanggan.
78,Champions,Minuman,Sari Lemon,Yoghurt Cimory,Minuman,Favorite category recommendation,Produk dipilih dari kategori favorit pelanggan (Minuman) agar rekomendasi tetap relevan dengan minat utama pelanggan.,Micellar Water Somethinc,Perawatan Tubuh,Berdasarkan asosiasi produk dari Sari Lemon,Makanan,VIP loyalty,"Berikan voucher eksklusif, akses promo awal, atau gratis ongkir minimum pembelian tertentu.",304,Customer 78: tawarkan Yoghurt Cimory (Minuman) dengan pendekatan VIP loyalty. Alasan: Produk dipilih dari kategori favorit pelanggan (Minuman) agar rekomendasi tetap relevan dengan minat utama pelanggan.
87,Champions,Minuman,Teh Kotak,Sari Lemon,Minuman,Favorite category recommendation,Produk dipilih dari kategori favorit pelanggan (Minuman) agar rekomendasi tetap relevan dengan minat utama pelanggan.,Beras Rojolele 5kg,Makanan,Berdasarkan asosiasi produk dari Teh Kotak,Makanan,VIP loyalty,"Berikan voucher eksklusif, akses promo awal, atau gratis ongkir minimum pembelian tertentu.",304,Customer 87: tawarkan Sari Lemon (Minuman) dengan pendekatan VIP loyalty. Alasan: Produk dipilih dari kategori favorit pelanggan (Minuman) agar rekomendasi tetap relevan dengan minat utama pelanggan.
88,Champions,Minuman,Air Zamzam 250ml,Sari Lemon,Minuman,Favorite category recommendation,Produk dipilih dari kategori favorit pelanggan (Minuman) agar rekomendasi tetap relevan dengan minat utama pelanggan.,Minyak Goreng Bimoli 1L,Makanan,Berdasarkan asosiasi produk dari Air Zamzam 250ml,Makanan,VIP loyalty,"Berikan voucher eksklusif, akses promo awal, atau gratis ongkir minimum pembelian tertentu.",304,Customer 88: tawarkan Sari Lemon (Minuman) dengan pendekatan VIP loyalty. Alasan: Produk dipilih dari kategori favorit pelanggan (Minuman) agar rekomendasi tetap relevan dengan minat utama pelanggan.
93,Loyal Customers,Minuman,Air Zamzam 250ml,Sari Lemon,Minuman,Favorite category recommendation,Produk dipilih dari kategori favorit pelanggan (Minuman) agar rekomendasi tetap relevan dengan minat utama pelanggan.,Minyak Goreng Bimoli 1L,Makanan,Berdasarkan asosiasi produk dari Air Zamzam 250ml,Makanan,Reward pembelian ulang,"Tawarkan poin loyalitas, rekomendasi repeat order, dan bundling kategori favorit.",299,Customer 93: tawarkan Sari Lemon (Minuman) dengan pendekatan Reward pembelian ulang. Alasan: Produk dipilih dari kategori favorit pelanggan (Minuman) agar rekomendasi tetap relevan dengan minat utama pelanggan.
1,Potential Loyalist,Minuman,Sprite 240ml,Yakult,Minuman,Favorite category recommendation,Produk dipilih dari kategori favorit pelanggan (Minuman) agar rekomendasi tetap relevan dengan minat utama pelanggan.,Margarin Palmia,Makanan,Berdasarkan asosiasi produk dari Sprite 240ml,Makanan,Cross-sell kategori,Dorong pembelian kategori pelengkap berdasarkan pola basket pelanggan sejenis.,291,Customer 1: tawarkan Yakult (Minuman) dengan pendekatan Cross-sell kategori. Alasan: Produk dipilih dari kategori favorit pelanggan (Minuman) agar rekomendasi tetap relevan dengan minat utama pelanggan.
4,Potential Loyalist,Alat Tulis,Buku Tulis Sidu,Map Plastik Kiky,Alat Tulis,Favorite category recommendation,Produk dipilih dari kategori favorit pelanggan (Alat Tulis) agar rekomendasi tetap relevan dengan minat utama pelanggan.,Surya Pro Mild,Rokok,Berdasarkan asosiasi produk dari Penggaris 30cm,"Makanan, Rokok",Cross-sell kategori,Dorong pembelian kategori pelengkap berdasarkan pola basket pelanggan sejenis.,291,Customer 4: tawarkan Map Plastik Kiky (Alat Tulis) dengan pendekatan Cross-sell kategori. Alasan: Produk dipilih dari kategori favorit pelanggan (Alat Tulis) agar rekomendasi tetap relevan dengan minat utama pelanggan.
8,Potential Loyalist,Makanan,Ayam Broiler/kg,Gula Pasir Gulaku 1kg,Makanan,Favorite category recommendation,Produk dipilih dari kategori favorit pelanggan (Makanan) agar rekomendasi tetap relevan dengan minat utama pelanggan.,Sticky Notes 3M,Alat Tulis,Berdasarkan asosiasi produk dari Ayam Broiler/kg,"Alat Tulis, Minuman",Cross-sell kategori,Dorong pembelian kategori pelengkap berdasarkan pola basket pelanggan sejenis.,291,Customer 8: tawarkan Gula Pasir Gulaku 1kg (Makanan) dengan pendekatan Cross-sell kategori. Alasan: Produk dipilih dari kategori favorit pelanggan (Makanan) agar rekomendasi tetap relevan dengan minat utama pelanggan.
12,Potential Loyalist,Perawatan Tubuh,Biskuit Bayi Milna,Sheet Mask Emina,Perawatan Tubuh,Favorite category recommendation,Produk dipilih dari kategori favorit pelanggan (Perawatan Tubuh) agar rekomendasi tetap relevan dengan minat utama pelanggan.,Masker Wardah,Perawatan Tubuh,Berdasarkan asosiasi produk dari Biskuit Bayi Milna,Bayi,Cross-sell kategori,Dorong pembelian kategori pelengkap berdasarkan pola basket pelanggan sejenis.,291,Customer 12: tawarkan Sheet Mask Emina (Perawatan Tubuh) dengan pendekatan Cross-sell kategori. Alasan: Produk dipilih dari kategori favorit pelanggan (Perawatan Tubuh) agar rekomendasi tetap relevan dengan minat utama pelanggan.
13,Potential Loyalist,Makanan,Bumbu Racik Soto,Ayam Broiler/kg,Makanan,Favorite category recommendation,Produk dipilih dari kategori favorit pelanggan (Makanan) agar rekomendasi tetap relevan dengan minat utama pelanggan.,Popok Merries,Bayi,Berdasarkan asosiasi produk dari Bumbu Racik Soto,"Alat Tulis, Minuman",Cross-sell kategori,Dorong pembelian kategori pelengkap berdasarkan pola basket pelanggan sejenis.,291,Customer 13: tawarkan Ayam Broiler/kg (Makanan) dengan pendekatan Cross-sell kategori. Alasan: Produk dipilih dari kategori favorit pelanggan (Makanan) agar rekomendasi tetap relevan dengan minat utama pelanggan.
44,Big Spenders,Minuman,Coca Cola 240ml,Kuku Bima Ginseng,Minuman,Favorite category recommendation,Produk dipilih dari kategori favorit pelanggan (Minuman) agar rekomendasi tetap relevan dengan minat utama pelanggan.,Pembalut Kotex,Perawatan Tubuh,Berdasarkan asosiasi produk dari Coca Cola 240ml,Makanan,Premium bundle,"Tawarkan bundle bernilai lebih tinggi, diskon nominal, atau benefit membership.",289,Customer 44: tawarkan Kuku Bima Ginseng (Minuman) dengan pendekatan Premium bundle. Alasan: Produk dipilih dari kategori favorit pelanggan (Minuman) agar rekomendasi tetap relevan dengan minat utama pelanggan.
47,Big Spenders,Perawatan Tubuh,Sabun Cussons Baby,Sabun Giv,Perawatan Tubuh,Favorite category recommendation,Produk dipilih dari kategori favorit pelanggan (Perawatan Tubuh) agar rekomendasi tetap relevan dengan minat utama pelanggan.,Susu SGM 1+ 400g,Bayi,Berdasarkan asosiasi produk dari Sabun Cussons Baby,Bayi,Premium bundle,"Tawarkan bundle bernilai lebih tinggi, diskon nominal, atau benefit membership.",289,Customer 47: tawarkan Sabun Giv (Perawatan Tubuh) dengan pendekatan Premium bundle. Alasan: Produk dipilih dari kategori favorit pelanggan (Perawatan Tubuh) agar rekomendasi tetap relevan dengan minat utama pelanggan.
52,Big Spenders,Bayi,Susu Dancow 1+ 400g,Krim Bayi Cussons,Bayi,Favorite category recommendation,Produk dipilih dari kategori favorit pelanggan (Bayi) agar rekomendasi tetap relevan dengan minat utama pelanggan.,Gudang Garam Surya,Rokok,Berdasarkan asosiasi produk dari Susu Dancow 1+ 400g,"Perawatan Tubuh, Rokok",Premium bundle,"Tawarkan bundle bernilai lebih tinggi, diskon nominal, atau benefit membership.",289,Customer 52: tawarkan Krim Bayi Cussons (Bayi) dengan pendekatan Premium bundle. Alasan: Produk dipilih dari kategori favorit pelanggan (Bayi) agar rekomendasi tetap relevan dengan minat utama pelanggan.
53,Big Spenders,Bayi,Krim Bayi Cussons,Susu SGM 1+ 400g,Bayi,Favorite category recommendation,Produk dipilih dari kategori favorit pelanggan (Bayi) agar rekomendasi tetap relevan dengan minat utama pelanggan.,Deodorant Rexona,Perawatan Tubuh,Berdasarkan asosiasi produk dari Krim Bayi Cussons,"Perawatan Tubuh, Rokok",Premium bundle,"Tawarkan bundle bernilai lebih tinggi, diskon nominal, atau benefit membership.",289,Customer 53: tawarkan Susu SGM 1+ 400g (Bayi) dengan pendekatan Premium bundle. Alasan: Produk dipilih dari kategori favorit pelanggan (Bayi) agar rekomendasi tetap relevan dengan minat utama pelanggan.
56,Big Spenders,Rokok,Pulpen Pilot,LA Light,Rokok,Favorite category recommendation,Produk dipilih dari kategori favorit pelanggan (Rokok) agar rekomendasi tetap relevan dengan minat utama pelanggan.,Indomie Goreng,Makanan,Berdasarkan asosiasi produk dari Pulpen Pilot,"Bayi, Alat Tulis",Premium bundle,"Tawarkan bundle bernilai lebih tinggi, diskon nominal, atau benefit membership.",289,Customer 56: tawarkan LA Light (Rokok) dengan pendekatan Premium bundle. Alasan: Produk dipilih dari kategori favorit pelanggan (Rokok) agar rekomendasi tetap relevan dengan minat utama pelanggan.
61,Big Spenders,Minuman,Kuku Bima Ginseng,Teh Kotak,Minuman,Favorite category recommendation,Produk dipilih dari kategori favorit pelanggan (Minuman) agar rekomendasi tetap relevan dengan minat utama pelanggan.,Saus Sambal ABC,Makanan,Berdasarkan asosiasi produk dari Kuku Bima Ginseng,Makanan,Premium bundle,"Tawarkan bundle bernilai lebih tinggi, diskon nominal, atau benefit membership.",289,Customer 61: tawarkan Teh Kotak (Minuman) dengan pendekatan Premium bundle. Alasan: Produk dipilih dari kategori favorit pelanggan (Minuman) agar rekomendasi tetap relevan dengan minat utama pelanggan.
64,Big Spenders,Rokok,LA Light,Gudang Garam Filter,Rokok,Favorite category recommendation,Produk dipilih dari kategori favorit pelanggan (Rokok) agar rekomendasi tetap relevan dengan minat utama pelanggan.,Kecap ABC,Makanan,Berdasarkan asosiasi produk dari LA Light,"Bayi, Alat Tulis",Premium bundle,"Tawarkan bundle bernilai lebih tinggi, diskon nominal, atau benefit membership.",289,Customer 64: tawarkan Gudang Garam Filter (Rokok) dengan pendekatan Premium bundle. Alasan: Produk dipilih dari kategori favorit pelanggan (Rokok) agar rekomendasi tetap relevan dengan minat utama pelanggan.
66,Big Spenders,Minuman,Kuku Bima Ginseng,Teh Kotak,Minuman,Favorite category recommendation,Produk dipilih dari kategori favorit pelanggan (Minuman) agar rekomendasi tetap relevan dengan minat utama pelanggan.,Sampoerna Mild,Rokok,Berdasarkan asosiasi produk dari Kuku Bima Ginseng,Makanan,Premium bundle,"Tawarkan bundle bernilai lebih tinggi, diskon nominal, atau benefit membership.",289,Customer 66: tawarkan Teh Kotak (Minuman) dengan pendekatan Premium bundle. Alasan: Produk dipilih dari kategori favorit pelanggan (Minuman) agar rekomendasi tetap relevan dengan minat utama pelanggan.
97,Potential Loyalist,Alat Tulis,Map Plastik Kiky,Penggaris 30cm,Alat Tulis,Favorite category recommendation,Produk dipilih dari kategori favorit pelanggan (Alat Tulis) agar rekomendasi tetap relevan dengan minat utama pelanggan.,Indomie Goreng,Makanan,Berdasarkan asosiasi produk dari Map Plastik Kiky,"Makanan, Rokok",Cross-sell kategori,Dorong pembelian kategori pelengkap berdasarkan pola basket pelanggan sejenis.,289,Customer 97: tawarkan Penggaris 30cm (Alat Tulis) dengan pendekatan Cross-sell kategori. Alasan: Produk dipilih dari kategori favorit pelanggan (Alat Tulis) agar rekomendasi tetap relevan dengan minat utama pelanggan.
102,Potential Loyalist,Minuman,Yakult,Nescafe Classic,Minuman,Favorite category recommendation,Produk dipilih dari kategori favorit pelanggan (Minuman) agar rekomendasi tetap relevan dengan minat utama pelanggan.,Penggaris 30cm,Alat Tulis,Berdasarkan asosiasi produk dari Starmild Blue,Makanan,Cross-sell kategori,Dorong pembelian kategori pelengkap berdasarkan pola basket pelanggan sejenis.,289,Customer 102: tawarkan Nescafe Classic (Minuman) dengan pendekatan Cross-sell kategori. Alasan: Produk dipilih dari kategori favorit pelanggan (Minuman) agar rekomendasi tetap relevan dengan minat utama pelanggan.
71,Loyal Customers,Minuman,Sari Lemon,Bear Brand,Minuman,Favorite category recommendation,Produk dipilih dari kategori favorit pelanggan (Minuman) agar rekomendasi tetap relevan dengan minat utama pelanggan.,Micellar Water Somethinc,Perawatan Tubuh,Berdasarkan asosiasi produk dari Sari Lemon,Makanan,Reward pembelian ulang,"Tawarkan poin loyalitas, rekomendasi repeat order, dan bundling kategori favorit.",274,Customer 71: tawarkan Bear Brand (Minuman) dengan pendekatan Reward pembelian ulang. Alasan: Produk dipilih dari kategori favorit pelanggan (Minuman) agar rekomendasi tetap relevan dengan minat utama pelanggan.
77,Loyal Customers,Alat Tulis,Gunting Fiskars,Map Plastik Kiky,Alat Tulis,Favorite category recommendation,Produk dipilih dari kategori favorit pelanggan (Alat Tulis) agar rekomendasi tetap relevan dengan minat utama pelanggan.,Telur Ayam Kampung,Makanan,Berdasarkan asosiasi produk dari Gunting Fiskars,"Makanan, Rokok",Reward pembelian ulang,"Tawarkan poin loyalitas, rekomendasi repeat order, dan bundling kategori favorit.",274,Customer 77: tawarkan Map Plastik Kiky (Alat Tulis) dengan pendekatan Reward pembelian ulang. Alasan: Produk dipilih dari kategori favorit pelanggan (Alat Tulis) agar rekomendasi tetap relevan dengan minat utama pelanggan.
82,Loyal Customers,Perawatan Tubuh,Shampoo Clear,Masker Wardah,Perawatan Tubuh,Favorite category recommendation,Produk dipilih dari kategori favorit pelanggan (Perawatan Tubuh) agar rekomendasi tetap relevan dengan minat utama pelanggan.,Beras Rojolele 5kg,Makanan,Berdasarkan asosiasi produk dari Shampoo Clear,Bayi,Reward pembelian ulang,"Tawarkan poin loyalitas, rekomendasi repeat order, dan bundling kategori favorit.",274,Customer 82: tawarkan Masker Wardah (Perawatan Tubuh) dengan pendekatan Reward pembelian ulang. Alasan: Produk dipilih dari kategori favorit pelanggan (Perawatan Tubuh) agar rekomendasi tetap relevan dengan minat utama pelanggan.
83,Loyal Customers,Bayi,Popok Merries,Biskuit Bayi Milna,Bayi,Favorite category recommendation,Produk dipilih dari kategori favorit pelanggan (Bayi) agar rekomendasi tetap relevan dengan minat utama pelanggan.,Teh Sariwangi,Minuman,Berdasarkan asosiasi produk dari Popok Merries,"Perawatan Tubuh, Rokok",Reward pembelian ulang,"Tawarkan poin loyalitas, rekomendasi repeat order, dan bundling kategori favorit.",274,Customer 83: tawarkan Biskuit Bayi Milna (Bayi) dengan pendekatan Reward pembelian ulang. Alasan: Produk dipilih dari kategori favorit pelanggan (Bayi) agar rekomendasi tetap relevan dengan minat utama pelanggan.
92,Loyal Customers,Minuman,Teh Kotak,Sari Lemon,Minuman,Favorite category recommendation,Produk dipilih dari kategori favorit pelanggan (Minuman) agar rekomendasi tetap relevan dengan minat utama pelanggan.,Beras Rojolele 5kg,Makanan,Berdasarkan asosiasi produk dari Teh Kotak,Makanan,Reward pembelian ulang,"Tawarkan poin loyalitas, rekomendasi repeat order, dan bundling kategori favorit.",274,Customer 92: tawarkan Sari Lemon (Minuman) dengan pendekatan Reward pembelian ulang. Alasan: Produk dipilih dari kategori favorit pelanggan (Minuman) agar rekomendasi tetap relevan dengan minat utama pelanggan.
41,Big Spenders,Minuman,Teh Kotak,Kuku Bima Ginseng,Minuman,Favorite category recommendation,Produk dipilih dari kategori favorit pelanggan (Minuman) agar rekomendasi tetap relevan dengan minat utama pelanggan.,Minyak Goreng Bimoli 1L,Makanan,Berdasarkan asosiasi produk dari Teh Kotak,Makanan,Premium bundle,"Tawarkan bundle bernilai lebih tinggi, diskon nominal, atau benefit membership.",269,Customer 41: tawarkan Kuku Bima Ginseng (Minuman) dengan pendekatan Premium bundle. Alasan: Produk dipilih dari kategori favorit pelanggan (Minuman) agar rekomendasi tetap relevan dengan minat utama pelanggan.
42,Big Spenders,Minuman,Teh Kotak,Kuku Bima Ginseng,Minuman,Favorite category recommendation,Produk dipilih dari kategori favorit pelanggan (Minuman) agar rekomendasi tetap relevan dengan minat utama pelanggan.,Minyak Goreng Bimoli 1L,Makanan,Berdasarkan asosiasi produk dari Teh Kotak,Makanan,Premium bundle,"Tawarkan bundle bernilai lebih tinggi, diskon nominal, atau benefit membership.",269,Customer 42: tawarkan Kuku Bima Ginseng (Minuman) dengan pendekatan Premium bundle. Alasan: Produk dipilih dari kategori favorit pelanggan (Minuman) agar rekomendasi tetap relevan dengan minat utama pelanggan.
94,Potential Loyalist,Bayi,Minyak Telon Cap Lang,Susu Dancow 1+ 400g,Bayi,Favorite category recommendation,Produk dipilih dari kategori favorit pelanggan (Bayi) agar rekomendasi tetap relevan dengan minat utama pelanggan.,Pembalut Kotex,Perawatan Tubuh,Berdasarkan asosiasi produk dari Minyak Telon Cap Lang,"Perawatan Tubuh, Rokok",Cross-sell kategori,Dorong pembelian kategori pelengkap berdasarkan pola basket pelanggan sejenis.,269,Customer 94: tawarkan Susu Dancow 1+ 400g (Bayi) dengan pendekatan Cross-sell kategori. Alasan: Produk dipilih dari kategori favorit pelanggan (Bayi) agar rekomendasi tetap relevan dengan minat utama pelanggan.
43,Big Spenders,Minuman,Air Zamzam 250ml,Kuku Bima Ginseng,Minuman,Favorite category recommendation,Produk dipilih dari kategori favorit pelanggan (Minuman) agar rekomendasi tetap relevan dengan minat utama pelanggan.,Bedak Tabur Wardah,Perawatan Tubuh,Berdasarkan asosiasi produk dari Air Zamzam 250ml,Makanan,Premium bundle,"Tawarkan bundle bernilai lebih tinggi, diskon nominal, atau benefit membership.",259,Customer 43: tawarkan Kuku Bima Ginseng (Minuman) dengan pendekatan Premium bundle. Alasan: Produk dipilih dari kategori favorit pelanggan (Minuman) agar rekomendasi tetap relevan dengan minat utama pelanggan.
46,Big Spenders,Perawatan Tubuh,Sabun Cussons Baby,Sabun Giv,Perawatan Tubuh,Favorite category recommendation,Produk dipilih dari kategori favorit pelanggan (Perawatan Tubuh) agar rekomendasi tetap relevan dengan minat utama pelanggan.,Aqua Botol 600ml,Minuman,Berdasarkan asosiasi produk dari Sabun Cussons Baby,Bayi,Premium bundle,"Tawarkan bundle bernilai lebih tinggi, diskon nominal, atau benefit membership.",259,Customer 46: tawarkan Sabun Giv (Perawatan Tubuh) dengan pendekatan Premium bundle. Alasan: Produk dipilih dari kategori favorit pelanggan (Perawatan Tubuh) agar rekomendasi tetap relevan dengan minat utama pelanggan.
49,Big Spenders,Perawatan Tubuh,Micellar Water Somethinc,Sabun Giv,Perawatan Tubuh,Favorite category recommendation,Produk dipilih dari kategori favorit pelanggan (Perawatan Tubuh) agar rekomendasi tetap relevan dengan minat utama pelanggan.,Tisu Bayi Mitu,Bayi,Berdasarkan asosiasi produk dari Micellar Water Somethinc,Bayi,Premium bundle,"Tawarkan bundle bernilai lebih tinggi, diskon nominal, atau benefit membership.",259,Customer 49: tawarkan Sabun Giv (Perawatan Tubuh) dengan pendekatan Premium bundle. Alasan: Produk dipilih dari kategori favorit pelanggan (Perawatan Tubuh) agar rekomendasi tetap relevan dengan minat utama pelanggan.
54,Big Spenders,Bayi,Krim Bayi Cussons,Susu SGM 1+ 400g,Bayi,Favorite category recommendation,Produk dipilih dari kategori favorit pelanggan (Bayi) agar rekomendasi tetap relevan dengan minat utama pelanggan.,LA Light,Rokok,Berdasarkan asosiasi produk dari Krim Bayi Cussons,"Perawatan Tubuh, Rokok",Premium bundle,"Tawarkan bundle bernilai lebih tinggi, diskon nominal, atau benefit membership.",259,Customer 54: tawarkan Susu SGM 1+ 400g (Bayi) dengan pendekatan Premium bundle. Alasan: Produk dipilih dari kategori favorit pelanggan (Bayi) agar rekomendasi tetap relevan dengan minat utama pelanggan.
57,Big Spenders,Rokok,Gudang Garam Filter,LA Light,Rokok,Favorite category recommendation,Produk dipilih dari kategori favorit pelanggan (Rokok) agar rekomendasi tetap relevan dengan minat utama pelanggan.,Pulpen Pilot,Alat Tulis,Berdasarkan asosiasi produk dari Gudang Garam Filter,"Bayi, Alat Tulis",Premium bundle,"Tawarkan bundle bernilai lebih tinggi, diskon nominal, atau benefit membership.",259,Customer 57: tawarkan LA Light (Rokok) dengan pendekatan Premium bundle. Alasan: Produk dipilih dari kategori favorit pelanggan (Rokok) agar rekomendasi tetap relevan dengan minat utama pelanggan.
58,Big Spenders,Rokok,A Mild White,LA Light,Rokok,Favorite category recommendation,Produk dipilih dari kategori favorit pelanggan (Rokok) agar rekomendasi tetap relevan dengan minat utama pelanggan.,Kertas HVS 1 rim,Alat Tulis,Berdasarkan asosiasi produk dari A Mild White,"Bayi, Alat Tulis",Premium bundle,"Tawarkan bundle bernilai lebih tinggi, diskon nominal, atau benefit membership.",259,Customer 58: tawarkan LA Light (Rokok) dengan pendekatan Premium bundle. Alasan: Produk dipilih dari kategori favorit pelanggan (Rokok) agar rekomendasi tetap relevan dengan minat utama pelanggan.
62,Big Spenders,Minuman,Bear Brand,Kuku Bima Ginseng,Minuman,Favorite category recommendation,Produk dipilih dari kategori favorit pelanggan (Minuman) agar rekomendasi tetap relevan dengan minat utama pelanggan.,Bumbu Racik Soto,Makanan,Berdasarkan asosiasi produk dari Bear Brand,Makanan,Premium bundle,"Tawarkan bundle bernilai lebih tinggi, diskon nominal, atau benefit membership.",259,Customer 62: tawarkan Kuku Bima Ginseng (Minuman) dengan pendekatan Premium bundle. Alasan: Produk dipilih dari kategori favorit pelanggan (Minuman) agar rekomendasi tetap relevan dengan minat utama pelanggan.
63,Big Spenders,Alat Tulis,Kertas HVS 1 rim,Pulpen Pilot,Alat Tulis,Favorite category recommendation,Produk dipilih dari kategori favorit pelanggan (Alat Tulis) agar rekomendasi tetap relevan dengan minat utama pelanggan.,A Mild White,Rokok,Berdasarkan asosiasi produk dari Kertas HVS 1 rim,"Makanan, Rokok",Premium bundle,"Tawarkan bundle bernilai lebih tinggi, diskon nominal, atau benefit membership.",259,Customer 63: tawarkan Pulpen Pilot (Alat Tulis) dengan pendekatan Premium bundle. Alasan: Produk dipilih dari kategori favorit pelanggan (Alat Tulis) agar rekomendasi tetap relevan dengan minat utama pelanggan.
67,Loyal Customers,Minuman,Bear Brand,Sari Lemon,Minuman,Favorite category recommendation,Produk dipilih dari kategori favorit pelanggan (Minuman) agar rekomendasi tetap relevan dengan minat utama pelanggan.,Sticky Notes 3M,Alat Tulis,Berdasarkan asosiasi produk dari Bear Brand,Makanan,Reward pembelian ulang,"Tawarkan poin loyalitas, rekomendasi repeat order, dan bundling kategori favorit.",254,Customer 67: tawarkan Sari Lemon (Minuman) dengan pendekatan Reward pembelian ulang. Alasan: Produk dipilih dari kategori favorit pelanggan (Minuman) agar rekomendasi tetap relevan dengan minat utama pelanggan.
68,Loyal Customers,Minuman,Susu Ultra Murni,Sari Lemon,Minuman,Favorite category recommendation,Produk dipilih dari kategori favorit pelanggan (Minuman) agar rekomendasi tetap relevan dengan minat utama pelanggan.,Djarum Super,Rokok,Berdasarkan asosiasi produk dari Susu Ultra Murni,Makanan,Reward pembelian ulang,"Tawarkan poin loyalitas, rekomendasi repeat order, dan bundling kategori favorit.",254,Customer 68: tawarkan Sari Lemon (Minuman) dengan pendekatan Reward pembelian ulang. Alasan: Produk dipilih dari kategori favorit pelanggan (Minuman) agar rekomendasi tetap relevan dengan minat utama pelanggan.
23,Big Spenders,Bayi,Susu SGM 1+ 400g,Krim Bayi Cussons,Bayi,Favorite category recommendation,Produk dipilih dari kategori favorit pelanggan (Bayi) agar rekomendasi tetap relevan dengan minat utama pelanggan.,Sampoerna Hijau,Rokok,Berdasarkan asosiasi produk dari Susu SGM 1+ 400g,"Perawatan Tubuh, Rokok",Premium bundle,"Tawarkan bundle bernilai lebih tinggi, diskon nominal, atau benefit membership.",244,Customer 23: tawarkan Krim Bayi Cussons (Bayi) dengan pendekatan Premium bundle. Alasan: Produk dipilih dari kategori favorit pelanggan (Bayi) agar rekomendasi tetap relevan dengan minat utama pelanggan.
37,Big Spenders,Perawatan Tubuh,Sabun Giv,Sabun Cussons Baby,Perawatan Tubuh,Favorite category recommendation,Produk dipilih dari kategori favorit pelanggan (Perawatan Tubuh) agar rekomendasi tetap relevan dengan minat utama pelanggan.,Susu SGM 1+ 400g,Bayi,Berdasarkan asosiasi kategori dari Perawatan Tubuh ke Bayi,Bayi,Premium bundle,"Tawarkan bundle bernilai lebih tinggi, diskon nominal, atau benefit membership.",244,Customer 37: tawarkan Sabun Cussons Baby (Perawatan Tubuh) dengan pendekatan Premium bundle. Alasan: Produk dipilih dari kategori favorit pelanggan (Perawatan Tubuh) agar rekomendasi tetap relevan dengan minat utama pelanggan.
38,Big Spenders,Makanan,Bumbu Racik Rendang,Beras Rojolele 5kg,Makanan,Favorite category recommendation,Produk dipilih dari kategori favorit pelanggan (Makanan) agar rekomendasi tetap relevan dengan minat utama pelanggan.,Lipstik Wardah,Perawatan Tubuh,Berdasarkan asosiasi produk dari Sabun Lifebuoy,"Alat Tulis, Minuman",Premium bundle,"Tawarkan bundle bernilai lebih tinggi, diskon nominal, atau benefit membership.",244,Customer 38: tawarkan Beras Rojolele 5kg (Makanan) dengan pendekatan Premium bundle. Alasan: Produk dipilih dari kategori favorit pelanggan (Makanan) agar rekomendasi tetap relevan dengan minat utama pelanggan.
72,Potential Loyalist,Bayi,Bubur Bayi Cerelac,Susu Dancow 1+ 400g,Bayi,Favorite category recommendation,Produk dipilih dari kategori favorit pelanggan (Bayi) agar rekomendasi tetap relevan dengan minat utama pelanggan.,Pocari Sweat,Minuman,Berdasarkan asosiasi produk dari Bubur Bayi Cerelac,"Perawatan Tubuh, Rokok",Cross-sell kategori,Dorong pembelian kategori pelengkap berdasarkan pola basket pelanggan sejenis.,244,Customer 72: tawarkan Susu Dancow 1+ 400g (Bayi) dengan pendekatan Cross-sell kategori. Alasan: Produk dipilih dari kategori favorit pelanggan (Bayi) agar rekomendasi tetap relevan dengan minat utama pelanggan.
79,Potential Loyalist,Perawatan Tubuh,Sheet Mask Emina,Bedak Tabur Wardah,Perawatan Tubuh,Favorite category recommendation,Produk dipilih dari kategori favorit pelanggan (Perawatan Tubuh) agar rekomendasi tetap relevan dengan minat utama pelanggan.,Sprite 240ml,Minuman,Berdasarkan asosiasi produk dari Sheet Mask Emina,Bayi,Cross-sell kategori,Dorong pembelian kategori pelengkap berdasarkan pola basket pelanggan sejenis.,244,Customer 79: tawarkan Bedak Tabur Wardah (Perawatan Tubuh) dengan pendekatan Cross-sell kategori. Alasan: Produk dipilih dari kategori favorit pelanggan (Perawatan Tubuh) agar rekomendasi tetap relevan dengan minat utama pelanggan.
86,Potential Loyalist,Alat Tulis,Penggaris 30cm,Map Plastik Kiky,Alat Tulis,Favorite category recommendation,Produk dipilih dari kategori favorit pelanggan (Alat Tulis) agar rekomendasi tetap relevan dengan minat utama pelanggan.,Surya Pro Mild,Rokok,Berdasarkan asosiasi produk dari Penggaris 30cm,"Makanan, Rokok",Cross-sell kategori,Dorong pembelian kategori pelengkap berdasarkan pola basket pelanggan sejenis.,244,Customer 86: tawarkan Map Plastik Kiky (Alat Tulis) dengan pendekatan Cross-sell kategori. Alasan: Produk dipilih dari kategori favorit pelanggan (Alat Tulis) agar rekomendasi tetap relevan dengan minat utama pelanggan.
91,Potential Loyalist,Minuman,Nescafe Classic,Yakult,Minuman,Favorite category recommendation,Produk dipilih dari kategori favorit pelanggan (Minuman) agar rekomendasi tetap relevan dengan minat utama pelanggan.,Pasta Gigi Pepsodent,Perawatan Tubuh,Berdasarkan asosiasi produk dari Nescafe Classic,Makanan,Cross-sell kategori,Dorong pembelian kategori pelengkap berdasarkan pola basket pelanggan sejenis.,244,Customer 91: tawarkan Yakult (Minuman) dengan pendekatan Cross-sell kategori. Alasan: Produk dipilih dari kategori favorit pelanggan (Minuman) agar rekomendasi tetap relevan dengan minat utama pelanggan.
48,Potential Loyalist,Perawatan Tubuh,Bedak Tabur Wardah,Sheet Mask Emina,Perawatan Tubuh,Favorite category recommendation,Produk dipilih dari kategori favorit pelanggan (Perawatan Tubuh) agar rekomendasi tetap relevan dengan minat utama pelanggan.,Air Zamzam 250ml,Minuman,Berdasarkan asosiasi produk dari Bedak Tabur Wardah,Bayi,Cross-sell kategori,Dorong pembelian kategori pelengkap berdasarkan pola basket pelanggan sejenis.,229,Customer 48: tawarkan Sheet Mask Emina (Perawatan Tubuh) dengan pendekatan Cross-sell kategori. Alasan: Produk dipilih dari kategori favorit pelanggan (Perawatan Tubuh) agar rekomendasi tetap relevan dengan minat utama pelanggan.
51,Potential Loyalist,Bayi,Susu Dancow 1+ 400g,Bubur Bayi Cerelac,Bayi,Favorite category recommendation,Produk dipilih dari kategori favorit pelanggan (Bayi) agar rekomendasi tetap relevan dengan minat utama pelanggan.,Pasta Gigi Pepsodent,Perawatan Tubuh,Berdasarkan asosiasi produk dari Susu Dancow 1+ 400g,"Perawatan Tubuh, Rokok",Cross-sell kategori,Dorong pembelian kategori pelengkap berdasarkan pola basket pelanggan sejenis.,229,Customer 51: tawarkan Bubur Bayi Cerelac (Bayi) dengan pendekatan Cross-sell kategori. Alasan: Produk dipilih dari kategori favorit pelanggan (Bayi) agar rekomendasi tetap relevan dengan minat utama pelanggan.
59,Potential Loyalist,Rokok,Starmild Blue,Sampoerna Kretek,Rokok,Favorite category recommendation,Produk dipilih dari kategori favorit pelanggan (Rokok) agar rekomendasi tetap relevan dengan minat utama pelanggan.,Bubur Nestle,Bayi,Berdasarkan asosiasi produk dari Starmild Blue,"Bayi, Alat Tulis",Cross-sell kategori,Dorong pembelian kategori pelengkap berdasarkan pola basket pelanggan sejenis.,229,Customer 59: tawarkan Sampoerna Kretek (Rokok) dengan pendekatan Cross-sell kategori. Alasan: Produk dipilih dari kategori favorit pelanggan (Rokok) agar rekomendasi tetap relevan dengan minat utama pelanggan.
19,Big Spenders,Alat Tulis,Buku Gambar Karton,Pulpen Pilot,Alat Tulis,Favorite category recommendation,Produk dipilih dari kategori favorit pelanggan (Alat Tulis) agar rekomendasi tetap relevan dengan minat utama pelanggan.,Beras Rojolele 5kg,Makanan,Berdasarkan asosiasi produk dari Buku Gambar Karton,"Makanan, Rokok",Premium bundle,"Tawarkan bundle bernilai lebih tinggi, diskon nominal, atau benefit membership.",214,Customer 19: tawarkan Pulpen Pilot (Alat Tulis) dengan pendekatan Premium bundle. Alasan: Produk dipilih dari kategori favorit pelanggan (Alat Tulis) agar rekomendasi tetap relevan dengan minat utama pelanggan.
28,Big Spenders,Rokok,LA Light,Gudang Garam Filter,Rokok,Favorite category recommendation,Produk dipilih dari kategori favorit pelanggan (Rokok) agar rekomendasi tetap relevan dengan minat utama pelanggan.,Krim Bayi Cussons,Bayi,Berdasarkan asosiasi produk dari LA Light,"Bayi, Alat Tulis",Premium bundle,"Tawarkan bundle bernilai lebih tinggi, diskon nominal, atau benefit membership.",214,Customer 28: tawarkan Gudang Garam Filter (Rokok) dengan pendekatan Premium bundle. Alasan: Produk dipilih dari kategori favorit pelanggan (Rokok) agar rekomendasi tetap relevan dengan minat utama pelanggan.
31,Big Spenders,Makanan,Saus Tomat Del Monte,Bumbu Racik Rendang,Makanan,Favorite category recommendation,Produk dipilih dari kategori favorit pelanggan (Makanan) agar rekomendasi tetap relevan dengan minat utama pelanggan.,Gudang Garam Filter,Rokok,Berdasarkan asosiasi produk dari Pulpen Pilot,"Alat Tulis, Minuman",Premium bundle,"Tawarkan bundle bernilai lebih tinggi, diskon nominal, atau benefit membership.",214,Customer 31: tawarkan Bumbu Racik Rendang (Makanan) dengan pendekatan Premium bundle. Alasan: Produk dipilih dari kategori favorit pelanggan (Makanan) agar rekomendasi tetap relevan dengan minat utama pelanggan.
22,Hibernating,Bayi,Susu SGM 1+ 400g,Susu Frisian Flag 123,Bayi,Favorite category recommendation,Produk dipilih dari kategori favorit pelanggan (Bayi) agar rekomendasi tetap relevan dengan minat utama pelanggan.,Sampoerna Hijau,Rokok,Berdasarkan asosiasi produk dari Susu SGM 1+ 400g,"Perawatan Tubuh, Rokok",Reaktivasi ringan,"Kirim promo sederhana, produk best seller, dan pesan personal untuk mengundang transaksi ulang.",184,Customer 22: tawarkan Susu Frisian Flag 123 (Bayi) dengan pendekatan Reaktivasi ringan. Alasan: Produk dipilih dari kategori favorit pelanggan (Bayi) agar rekomendasi tetap relevan dengan minat utama pelanggan.
26,Hibernating,Bayi,Bubur Bayi Cerelac,Susu SGM 1+ 400g,Bayi,Favorite category recommendation,Produk dipilih dari kategori favorit pelanggan (Bayi) agar rekomendasi tetap relevan dengan minat utama pelanggan.,Sheet Mask Emina,Perawatan Tubuh,Berdasarkan asosiasi produk dari Bubur Bayi Cerelac,"Perawatan Tubuh, Rokok",Reaktivasi ringan,"Kirim promo sederhana, produk best seller, dan pesan personal untuk mengundang transaksi ulang.",184,Customer 26: tawarkan Susu SGM 1+ 400g (Bayi) dengan pendekatan Reaktivasi ringan. Alasan: Produk dipilih dari kategori favorit pelanggan (Bayi) agar rekomendasi tetap relevan dengan minat utama pelanggan.
29,Hibernating,Rokok,LA Light,Sampoerna Mild,Rokok,Favorite category recommendation,Produk dipilih dari kategori favorit pelanggan (Rokok) agar rekomendasi tetap relevan dengan minat utama pelanggan.,Krim Bayi Cussons,Bayi,Berdasarkan asosiasi produk dari LA Light,"Bayi, Alat Tulis",Reaktivasi ringan,"Kirim promo sederhana, produk best seller, dan pesan personal untuk mengundang transaksi ulang.",184,Customer 29: tawarkan Sampoerna Mild (Rokok) dengan pendekatan Reaktivasi ringan. Alasan: Produk dipilih dari kategori favorit pelanggan (Rokok) agar rekomendasi tetap relevan dengan minat utama pelanggan.
32,Hibernating,Makanan,Saus Tomat Del Monte,Tempe 1 papan,Makanan,Favorite category recommendation,Produk dipilih dari kategori favorit pelanggan (Makanan) agar rekomendasi tetap relevan dengan minat utama pelanggan.,A Mild White,Rokok,Berdasarkan asosiasi produk dari Penghapus Kenko,"Alat Tulis, Minuman",Reaktivasi ringan,"Kirim promo sederhana, produk best seller, dan pesan personal untuk mengundang transaksi ulang.",184,Customer 32: tawarkan Tempe 1 papan (Makanan) dengan pendekatan Reaktivasi ringan. Alasan: Produk dipilih dari kategori favorit pelanggan (Makanan) agar rekomendasi tetap relevan dengan minat utama pelanggan.
36,Hibernating,Makanan,Tahu Putih/pcs,Tempe 1 papan,Makanan,Favorite category recommendation,Produk dipilih dari kategori favorit pelanggan (Makanan) agar rekomendasi tetap relevan dengan minat utama pelanggan.,Susu Ultra Murni,Minuman,Berdasarkan asosiasi produk dari Tepung Terigu Segitiga,"Alat Tulis, Minuman",Reaktivasi ringan,"Kirim promo sederhana, produk best seller, dan pesan personal untuk mengundang transaksi ulang.",184,Customer 36: tawarkan Tempe 1 papan (Makanan) dengan pendekatan Reaktivasi ringan. Alasan: Produk dipilih dari kategori favorit pelanggan (Makanan) agar rekomendasi tetap relevan dengan minat utama pelanggan.
39,Hibernating,Makanan,Bumbu Racik Rendang,Tempe 1 papan,Makanan,Favorite category recommendation,Produk dipilih dari kategori favorit pelanggan (Makanan) agar rekomendasi tetap relevan dengan minat utama pelanggan.,Susu Dancow 1+ 400g,Bayi,Berdasarkan asosiasi produk dari Pasta Gigi Pepsodent,"Alat Tulis, Minuman",Reaktivasi ringan,"Kirim promo sederhana, produk best seller, dan pesan personal untuk mengundang transaksi ulang.",184,Customer 39: tawarkan Tempe 1 papan (Makanan) dengan pendekatan Reaktivasi ringan. Alasan: Produk dipilih dari kategori favorit pelanggan (Makanan) agar rekomendasi tetap relevan dengan minat utama pelanggan.
6,New / Recent Customers,Alat Tulis,Penggaris 30cm,Map Plastik Kiky,Alat Tulis,Favorite category recommendation,Produk dipilih dari kategori favorit pelanggan (Alat Tulis) agar rekomendasi tetap relevan dengan minat utama pelanggan.,Surya Pro Mild,Rokok,Berdasarkan asosiasi produk dari Penggaris 30cm,"Makanan, Rokok",Onboarding promo,"Kirim welcome voucher, rekomendasi produk populer, dan panduan belanja pertama/lanjutan.",181,Customer 6: tawarkan Map Plastik Kiky (Alat Tulis) dengan pendekatan Onboarding promo. Alasan: Produk dipilih dari kategori favorit pelanggan (Alat Tulis) agar rekomendasi tetap relevan dengan minat utama pelanggan.
14,New / Recent Customers,Bayi,Biskuit Bayi Milna,Susu SGM 1+ 400g,Bayi,Favorite category recommendation,Produk dipilih dari kategori favorit pelanggan (Bayi) agar rekomendasi tetap relevan dengan minat utama pelanggan.,Masker Wardah,Perawatan Tubuh,Berdasarkan asosiasi produk dari Biskuit Bayi Milna,"Perawatan Tubuh, Rokok",Onboarding promo,"Kirim welcome voucher, rekomendasi produk populer, dan panduan belanja pertama/lanjutan.",181,Customer 14: tawarkan Susu SGM 1+ 400g (Bayi) dengan pendekatan Onboarding promo. Alasan: Produk dipilih dari kategori favorit pelanggan (Bayi) agar rekomendasi tetap relevan dengan minat utama pelanggan.
17,Hibernating,Makanan,Tempe 1 papan,Telur Ayam Biasa,Makanan,Favorite category recommendation,Produk dipilih dari kategori favorit pelanggan (Makanan) agar rekomendasi tetap relevan dengan minat utama pelanggan.,Gunting Fiskars,Alat Tulis,Berdasarkan asosiasi produk dari Tempe 1 papan,"Alat Tulis, Minuman",Reaktivasi ringan,"Kirim promo sederhana, produk best seller, dan pesan personal untuk mengundang transaksi ulang.",154,Customer 17: tawarkan Telur Ayam Biasa (Makanan) dengan pendekatan Reaktivasi ringan. Alasan: Produk dipilih dari kategori favorit pelanggan (Makanan) agar rekomendasi tetap relevan dengan minat utama pelanggan.
18,Hibernating,Makanan,Tempe 1 papan,Telur Ayam Biasa,Makanan,Favorite category recommendation,Produk dipilih dari kategori favorit pelanggan (Makanan) agar rekomendasi tetap relevan dengan minat utama pelanggan.,Gunting Fiskars,Alat Tulis,Berdasarkan asosiasi produk dari Tempe 1 papan,"Alat Tulis, Minuman",Reaktivasi ringan,"Kirim promo sederhana, produk best seller, dan pesan personal untuk mengundang transaksi ulang.",154,Customer 18: tawarkan Telur Ayam Biasa (Makanan) dengan pendekatan Reaktivasi ringan. Alasan: Produk dipilih dari kategori favorit pelanggan (Makanan) agar rekomendasi tetap relevan dengan minat utama pelanggan.
21,Hibernating,Makanan,Beras Pandan Wangi 5kg,Tempe 1 papan,Makanan,Favorite category recommendation,Produk dipilih dari kategori favorit pelanggan (Makanan) agar rekomendasi tetap relevan dengan minat utama pelanggan.,Shampoo Clear,Perawatan Tubuh,Berdasarkan asosiasi produk dari Teh Botol Sosro,"Alat Tulis, Minuman",Reaktivasi ringan,"Kirim promo sederhana, produk best seller, dan pesan personal untuk mengundang transaksi ulang.",154,Customer 21: tawarkan Tempe 1 papan (Makanan) dengan pendekatan Reaktivasi ringan. Alasan: Produk dipilih dari kategori favorit pelanggan (Makanan) agar rekomendasi tetap relevan dengan minat utama pelanggan.
24,Hibernating,Bayi,Spidol Snowman,Susu SGM 1+ 400g,Bayi,Favorite category recommendation,Produk dipilih dari kategori favorit pelanggan (Bayi) agar rekomendasi tetap relevan dengan minat utama pelanggan.,Gudang Garam Filter,Rokok,Berdasarkan asosiasi produk dari Baby Oil Zwitsal,"Perawatan Tubuh, Rokok",Reaktivasi ringan,"Kirim promo sederhana, produk best seller, dan pesan personal untuk mengundang transaksi ulang.",154,Customer 24: tawarkan Susu SGM 1+ 400g (Bayi) dengan pendekatan Reaktivasi ringan. Alasan: Produk dipilih dari kategori favorit pelanggan (Bayi) agar rekomendasi tetap relevan dengan minat utama pelanggan.
27,Hibernating,Rokok,Daging Sapi/kg,LA Light,Rokok,Favorite category recommendation,Produk dipilih dari kategori favorit pelanggan (Rokok) agar rekomendasi tetap relevan dengan minat utama pelanggan.,Susu Ultra Murni,Minuman,Berdasarkan asosiasi produk dari Djarum Super,"Bayi, Alat Tulis",Reaktivasi ringan,"Kirim promo sederhana, produk best seller, dan pesan personal untuk mengundang transaksi ulang.",154,Customer 27: tawarkan LA Light (Rokok) dengan pendekatan Reaktivasi ringan. Alasan: Produk dipilih dari kategori favorit pelanggan (Rokok) agar rekomendasi tetap relevan dengan minat utama pelanggan.
33,Hibernating,Makanan,Telur Ayam Biasa,Tempe 1 papan,Makanan,Favorite category recommendation,Produk dipilih dari kategori favorit pelanggan (Makanan) agar rekomendasi tetap relevan dengan minat utama pelanggan.,Kertas HVS 1 rim,Alat Tulis,Berdasarkan asosiasi produk dari Ikan Lele/kg,"Alat Tulis, Minuman",Reaktivasi ringan,"Kirim promo sederhana, produk best seller, dan pesan personal untuk mengundang transaksi ulang.",154,Customer 33: tawarkan Tempe 1 papan (Makanan) dengan pendekatan Reaktivasi ringan. Alasan: Produk dipilih dari kategori favorit pelanggan (Makanan) agar rekomendasi tetap relevan dengan minat utama pelanggan.
34,Hibernating,Makanan,Baby Diaper Huggies,Tempe 1 papan,Makanan,Favorite category recommendation,Produk dipilih dari kategori favorit pelanggan (Makanan) agar rekomendasi tetap relevan dengan minat utama pelanggan.,Kertas HVS 1 rim,Alat Tulis,Berdasarkan asosiasi produk dari Ikan Lele/kg,"Alat Tulis, Minuman",Reaktivasi ringan,"Kirim promo sederhana, produk best seller, dan pesan personal untuk mengundang transaksi ulang.",154,Customer 34: tawarkan Tempe 1 papan (Makanan) dengan pendekatan Reaktivasi ringan. Alasan: Produk dipilih dari kategori favorit pelanggan (Makanan) agar rekomendasi tetap relevan dengan minat utama pelanggan.
5,Hibernating,Makanan,Udang Windu/kg,Tempe 1 papan,Makanan,Favorite category recommendation,Produk dipilih dari kategori favorit pelanggan (Makanan) agar rekomendasi tetap relevan dengan minat utama pelanggan.,Mentega Blue Band,Makanan,Berdasarkan asosiasi produk dari Udang Windu/kg,"Alat Tulis, Minuman",Reaktivasi ringan,"Kirim promo sederhana, produk best seller, dan pesan personal untuk mengundang transaksi ulang.",101,Customer 5: tawarkan Tempe 1 papan (Makanan) dengan pendekatan Reaktivasi ringan. Alasan: Produk dipilih dari kategori favorit pelanggan (Makanan) agar rekomendasi tetap relevan dengan minat utama pelanggan.
15,Hibernating,Makanan,Beras Rojolele 5kg,Tempe 1 papan,Makanan,Favorite category recommendation,Produk dipilih dari kategori favorit pelanggan (Makanan) agar rekomendasi tetap relevan dengan minat utama pelanggan.,Buku Gambar Karton,Alat Tulis,Berdasarkan asosiasi produk dari Beras Rojolele 5kg,"Alat Tulis, Minuman",Reaktivasi ringan,"Kirim promo sederhana, produk best seller, dan pesan personal untuk mengundang transaksi ulang.",101,Customer 15: tawarkan Tempe 1 papan (Makanan) dengan pendekatan Reaktivasi ringan. Alasan: Produk dipilih dari kategori favorit pelanggan (Makanan) agar rekomendasi tetap relevan dengan minat utama pelanggan.
10,Hibernating,Perawatan Tubuh,Lipstik Wardah,Shampoo Clear,Perawatan Tubuh,Favorite category recommendation,Produk dipilih dari kategori favorit pelanggan (Perawatan Tubuh) agar rekomendasi tetap relevan dengan minat utama pelanggan.,Bumbu Racik Rendang,Makanan,Berdasarkan asosiasi produk dari Sabun Lifebuoy,Bayi,Reaktivasi ringan,"Kirim promo sederhana, produk best seller, dan pesan personal untuk mengundang transaksi ulang.",71,Customer 10: tawarkan Shampoo Clear (Perawatan Tubuh) dengan pendekatan Reaktivasi ringan. Alasan: Produk dipilih dari kategori favorit pelanggan (Perawatan Tubuh) agar rekomendasi tetap relevan dengan minat utama pelanggan.
20,Hibernating,,,Udang Windu/kg,Makanan,Global top product fallback,Tidak ada produk kandidat pada kategori favorit; sistem memakai produk populer global yang belum dibeli pelanggan.,-,-,-,-,Reaktivasi ringan,"Kirim promo sederhana, produk best seller, dan pesan personal untuk mengundang transaksi ulang.",69,Customer 20: tawarkan Udang Windu/kg (Makanan) dengan pendekatan Reaktivasi ringan. Alasan: Tidak ada produk kandidat pada kategori favorit; sistem memakai produk populer global yang belum dibeli pelanggan.
25,Hibernating,,,Udang Windu/kg,Makanan,Global top product fallback,Tidak ada produk kandidat pada kategori favorit; sistem memakai produk populer global yang belum dibeli pelanggan.,-,-,-,-,Reaktivasi ringan,"Kirim promo sederhana, produk best seller, dan pesan personal untuk mengundang transaksi ulang.",69,Customer 25: tawarkan Udang Windu/kg (Makanan) dengan pendekatan Reaktivasi ringan. Alasan: Tidak ada produk kandidat pada kategori favorit; sistem memakai produk populer global yang belum dibeli pelanggan.
30,Hibernating,,,Udang Windu/kg,Makanan,Global top product fallback,Tidak ada produk kandidat pada kategori favorit; sistem memakai produk populer global yang belum dibeli pelanggan.,-,-,-,-,Reaktivasi ringan,"Kirim promo sederhana, produk best seller, dan pesan personal untuk mengundang transaksi ulang.",69,Customer 30: tawarkan Udang Windu/kg (Makanan) dengan pendekatan Reaktivasi ringan. Alasan: Tidak ada produk kandidat pada kategori favorit; sistem memakai produk populer global yang belum dibeli pelanggan.
35,Hibernating,,,Udang Windu/kg,Makanan,Global top product fallback,Tidak ada produk kandidat pada kategori favorit; sistem memakai produk populer global yang belum dibeli pelanggan.,-,-,-,-,Reaktivasi ringan,"Kirim promo sederhana, produk best seller, dan pesan personal untuk mengundang transaksi ulang.",69,Customer 35: tawarkan Udang Windu/kg (Makanan) dengan pendekatan Reaktivasi ringan. Alasan: Tidak ada produk kandidat pada kategori favorit; sistem memakai produk populer global yang belum dibeli pelanggan.
40,Hibernating,,,Udang Windu/kg,Makanan,Global top product fallback,Tidak ada produk kandidat pada kategori favorit; sistem memakai produk populer global yang belum dibeli pelanggan.,-,-,-,-,Reaktivasi ringan,"Kirim promo sederhana, produk best seller, dan pesan personal untuk mengundang transaksi ulang.",69,Customer 40: tawarkan Udang Windu/kg (Makanan) dengan pendekatan Reaktivasi ringan. Alasan: Tidak ada produk kandidat pada kategori favorit; sistem memakai produk populer global yang belum dibeli pelanggan.
45,Hibernating,,,Udang Windu/kg,Makanan,Global top product fallback,Tidak ada produk kandidat pada kategori favorit; sistem memakai produk populer global yang belum dibeli pelanggan.,-,-,-,-,Reaktivasi ringan,"Kirim promo sederhana, produk best seller, dan pesan personal untuk mengundang transaksi ulang.",69,Customer 45: tawarkan Udang Windu/kg (Makanan) dengan pendekatan Reaktivasi ringan. Alasan: Tidak ada produk kandidat pada kategori favorit; sistem memakai produk populer global yang belum dibeli pelanggan.
50,Hibernating,,,Udang Windu/kg,Makanan,Global top product fallback,Tidak ada produk kandidat pada kategori favorit; sistem memakai produk populer global yang belum dibeli pelanggan.,-,-,-,-,Reaktivasi ringan,"Kirim promo sederhana, produk best seller, dan pesan personal untuk mengundang transaksi ulang.",69,Customer 50: tawarkan Udang Windu/kg (Makanan) dengan pendekatan Reaktivasi ringan. Alasan: Tidak ada produk kandidat pada kategori favorit; sistem memakai produk populer global yang belum dibeli pelanggan.
55,Hibernating,,,Udang Windu/kg,Makanan,Global top product fallback,Tidak ada produk kandidat pada kategori favorit; sistem memakai produk populer global yang belum dibeli pelanggan.,-,-,-,-,Reaktivasi ringan,"Kirim promo sederhana, produk best seller, dan pesan personal untuk mengundang transaksi ulang.",69,Customer 55: tawarkan Udang Windu/kg (Makanan) dengan pendekatan Reaktivasi ringan. Alasan: Tidak ada produk kandidat pada kategori favorit; sistem memakai produk populer global yang belum dibeli pelanggan.
60,Hibernating,,,Udang Windu/kg,Makanan,Global top product fallback,Tidak ada produk kandidat pada kategori favorit; sistem memakai produk populer global yang belum dibeli pelanggan.,-,-,-,-,Reaktivasi ringan,"Kirim promo sederhana, produk best seller, dan pesan personal untuk mengundang transaksi ulang.",69,Customer 60: tawarkan Udang Windu/kg (Makanan) dengan pendekatan Reaktivasi ringan. Alasan: Tidak ada produk kandidat pada kategori favorit; sistem memakai produk populer global yang belum dibeli pelanggan.
65,Hibernating,,,Udang Windu/kg,Makanan,Global top product fallback,Tidak ada produk kandidat pada kategori favorit; sistem memakai produk populer global yang belum dibeli pelanggan.,-,-,-,-,Reaktivasi ringan,"Kirim promo sederhana, produk best seller, dan pesan personal untuk mengundang transaksi ulang.",69,Customer 65: tawarkan Udang Windu/kg (Makanan) dengan pendekatan Reaktivasi ringan. Alasan: Tidak ada produk kandidat pada kategori favorit; sistem memakai produk populer global yang belum dibeli pelanggan.
70,Hibernating,,,Udang Windu/kg,Makanan,Global top product fallback,Tidak ada produk kandidat pada kategori favorit; sistem memakai produk populer global yang belum dibeli pelanggan.,-,-,-,-,Reaktivasi ringan,"Kirim promo sederhana, produk best seller, dan pesan personal untuk mengundang transaksi ulang.",69,Customer 70: tawarkan Udang Windu/kg (Makanan) dengan pendekatan Reaktivasi ringan. Alasan: Tidak ada produk kandidat pada kategori favorit; sistem memakai produk populer global yang belum dibeli pelanggan.
75,Hibernating,,,Udang Windu/kg,Makanan,Global top product fallback,Tidak ada produk kandidat pada kategori favorit; sistem memakai produk populer global yang belum dibeli pelanggan.,-,-,-,-,Reaktivasi ringan,"Kirim promo sederhana, produk best seller, dan pesan personal untuk mengundang transaksi ulang.",69,Customer 75: tawarkan Udang Windu/kg (Makanan) dengan pendekatan Reaktivasi ringan. Alasan: Tidak ada produk kandidat pada kategori favorit; sistem memakai produk populer global yang belum dibeli pelanggan.
80,Hibernating,,,Udang Windu/kg,Makanan,Global top product fallback,Tidak ada produk kandidat pada kategori favorit; sistem memakai produk populer global yang belum dibeli pelanggan.,-,-,-,-,Reaktivasi ringan,"Kirim promo sederhana, produk best seller, dan pesan personal untuk mengundang transaksi ulang.",69,Customer 80: tawarkan Udang Windu/kg (Makanan) dengan pendekatan Reaktivasi ringan. Alasan: Tidak ada produk kandidat pada kategori favorit; sistem memakai produk populer global yang belum dibeli pelanggan.
85,Hibernating,,,Udang Windu/kg,Makanan,Global top product fallback,Tidak ada produk kandidat pada kategori favorit; sistem memakai produk populer global yang belum dibeli pelanggan.,-,-,-,-,Reaktivasi ringan,"Kirim promo sederhana, produk best seller, dan pesan personal untuk mengundang transaksi ulang.",69,Customer 85: tawarkan Udang Windu/kg (Makanan) dengan pendekatan Reaktivasi ringan. Alasan: Tidak ada produk kandidat pada kategori favorit; sistem memakai produk populer global yang belum dibeli pelanggan.
90,Hibernating,,,Udang Windu/kg,Makanan,Global top product fallback,Tidak ada produk kandidat pada kategori favorit; sistem memakai produk populer global yang belum dibeli pelanggan.,-,-,-,-,Reaktivasi ringan,"Kirim promo sederhana, produk best seller, dan pesan personal untuk mengundang transaksi ulang.",69,Customer 90: tawarkan Udang Windu/kg (Makanan) dengan pendekatan Reaktivasi ringan. Alasan: Tidak ada produk kandidat pada kategori favorit; sistem memakai produk populer global yang belum dibeli pelanggan.
95,Hibernating,,,Udang Windu/kg,Makanan,Global top product fallback,Tidak ada produk kandidat pada kategori favorit; sistem memakai produk populer global yang belum dibeli pelanggan.,-,-,-,-,Reaktivasi ringan,"Kirim promo sederhana, produk best seller, dan pesan personal untuk mengundang transaksi ulang.",69,Customer 95: tawarkan Udang Windu/kg (Makanan) dengan pendekatan Reaktivasi ringan. Alasan: Tidak ada produk kandidat pada kategori favorit; sistem memakai produk populer global yang belum dibeli pelanggan.
100,Hibernating,,,Udang Windu/kg,Makanan,Global top product fallback,Tidak ada produk kandidat pada kategori favorit; sistem memakai produk populer global yang belum dibeli pelanggan.,-,-,-,-,Reaktivasi ringan,"Kirim promo sederhana, produk best seller, dan pesan personal untuk mengundang transaksi ulang.",69,Customer 100: tawarkan Udang Windu/kg (Makanan) dengan pendekatan Reaktivasi ringan. Alasan: Tidak ada produk kandidat pada kategori favorit; sistem memakai produk populer global yang belum dibeli pelanggan.
105,Hibernating,,,Udang Windu/kg,Makanan,Global top product fallback,Tidak ada produk kandidat pada kategori favorit; sistem memakai produk populer global yang belum dibeli pelanggan.,-,-,-,-,Reaktivasi ringan,"Kirim promo sederhana, produk best seller, dan pesan personal untuk mengundang transaksi ulang.",69,Customer 105: tawarkan Udang Windu/kg (Makanan) dengan pendekatan Reaktivasi ringan. Alasan: Tidak ada produk kandidat pada kategori favorit; sistem memakai produk populer global yang belum dibeli pelanggan.
